response,covariate,est,pvalue,z,se,ci.lower,ci.upper
Transcription_rate,gc_gene,-0.46855490624945,0.0175429132538274,-2.37512699548445,0.197275727630673,-0.855208227429501,-0.0819015850693977
Transcription_rate,len_gene,-0.790054765395069,6.20634104244733e-05,-4.00482499739713,0.197275727630684,-1.17670808657514,-0.403401444214996
Half_life,gc_gene,0.0645658588383398,0.648557298417676,0.455767331273332,0.141664078155743,-0.213090632249984,0.342222349926664
Half_life,len_gene,0.101420939830503,0.474037291557564,0.715925597729878,0.141664078155744,-0.176235551257822,0.379077430918829
